" ,node,type,lon,lat,p_nom, "
" ,PLTD_Trisakti,generator,114.572,-3.31,54.2, "
" ,PLTD_Kuala_Kapuas,generator,114.374,-3.012,6, "
" ,PLTD_Barabai,generator,115.376,-2.593,6.672, "
" ,PLTD_Panangkalaan,generator,115.262,-2.404,8.534, "
" ,PLTD_Maburai,generator,115.45,-2.195,1.88, "
" ,PLTA_IR._PM_Noor,generator,115.008,-3.516,30, "
" ,PLTD_Asam_Asam,generator,115.105,-3.925,8.4, "
" ,PLTD_Karang_Asam,generator,117.114,-0.502,40, "
" ,PLTD_Bontang,generator,117.459,0.145,27.59, "
" ,PLTD_Kledang,generator,117.122,-0.523,40.03, "
" ,PLTU_Mangkujenang,generator,117.156,-0.539,4, "
" ,PLTD_Tanah_Grogot,generator,116.18,-1.888,3.19, "
" ,PLTD_Petung,generator,116.67,-1.342,5.812, "
" ,PLTD_Batu_Sopang,generator,115.912,-1.82,8.4, "
" ,PLTD_Long_Ikis,generator,116.187,-1.6,2.6, "
" ,PLTD_Gunung_Malang,generator,116.841,-1.263,20.0799999999999, "
" ,PLTD_Batakan_Unit,generator,116.951,-1.238,12.16, "
" ,PLTD_Cogindo_(MFO),generator,116.951,-1.238,40, "
" ,PLTD_CDE_Karang_Joang_(MFO),generator,116.878,-1.149,30, "
" ,PLTD_Muara_Komam,generator,115.812,-1.675,2.79, "
" ,PLTD_Kerang,generator,116.082,-2.239,0.96, "
" ,PLTD_Tanjung_Aru,generator,116.584,-2.175,0.4, "
" ,PLTD_Jenebora/Gresik,generator,116.735,-1.186,0.76, "
" ,PLTD_Siantan,generator,109.327,-0.002,49.8999999999999, "
" ,PLTD_Sei_Raya,generator,109.38,-0.072,50.3999999999999, "
" ,PLTD_Sudirman,generator,108.998,0.911,5.585, "
" ,PLTD_Sei_Wie,generator,108.987,0.926,18.3999999999999, "
" ,PLTBm_PT._Rezeki,generator,109.286,0.011,10, "
" ,PLTD_Sewa_Ake,generator,109.328,-0.001,20, "
" ,PLTD_Artiduta,generator,109.38,-0.074,45, "
" ,PLTD_Bugak_Berawang,generator,109.203,0.061,30, "
" ,PLTA_SESCO_275,generator,110.35,1.354,90, "
" ,PLTD_Muara_Bengkal,generator,116.674,0.437,4.548, "
" ,PLTD_Muara_Wahau,generator,116.843,1.045,6.894, "
" ,PLTD_Sepaso,generator,117.561,0.756,4.49, "
" ,PLTD_Sepaso_Pemkab,generator,117.561,0.756,0.92, "
" ,PLTD_Sepaso_KPC,generator,117.561,0.756,0.22, "
" ,PLTD_Sepaso_Altrak,generator,117.561,0.756,1.9, "
" ,PLTD_Sangkulirang,generator,117.98,0.986,3, "
" ,PLTD_Sangkulirang_Pemkab,generator,117.98,0.986,0.8, "
" ,PLTD_Sewa_Sentawar_Pemkab_Kubar,generator,115.801,-0.242,5.2, "
" ,PLTD_Sentawar,generator,115.801,-0.242,24.6099999999999, "
" ,PLTD_Melak,generator,115.831,-0.212,24.6099999999999, "
" ,PLTD_Sambaliung,generator,117.511,2.158,15.9179999999999, "
" ,PLTD_Malinau,generator,116.611,3.541,10.64, "
" ,PLTD_Selor,generator,117.386,2.832,19.384, "
" ,PLTD_Kahayan/Area_Palangka_Raya,generator,113.874,-1.827,17.4499999999999, "
" ,PLTD_Rayon_Sampit,generator,112.969,-2.516,3.88, "
" ,PLTD_Pangkalan_Bun,generator,111.731,-2.73,7.12, "
" ,PLTD_Rayon_Nanga_Bulik,generator,111.469,-2.187,10.848, "
" ,PLTD_Sewa_PGL_Pangkalan_Bun,generator,111.731,-2.73,4, "
" ,PLTD_Sewa_Kaltimex_Pangkalan_Bun,generator,111.731,-2.73,14, "
" ,PLTD_Sewa_UPM_Pangkalan_Banteng,generator,111.824,-2.607,2.5, "
" ,PLTD_Sewa_Kaltimex_Sampit,generator,112.97,-2.516,8, "
" ,PLTD_Kotabaru,generator,116.212,-3.254,15.47, "
" ,PLTBm_Kotawaringin_Barat,generator,111.967,-2.052,10, "
" ,PLTD_Kumai,generator,111.728,-2.725,11, "
" ,PLTD_Muara_Teweh,generator,114.883,-0.926,8.81, "
" ,PLTD_Puruk_Cahu,generator,114.583,-0.583,2.19, "
" ,PLTD_Buntok,generator,114.822,-1.745,4.01, "
" ,PLTD_Sukaharja,generator,109.977,-1.802,14.7989999999999, "
" ,PLTD_Kendawangan_Kanan,generator,110.207,-2.532,0.823, "
" ,PLTD_Air_Hitam,generator,110.625,-2.793,1.05, "
" ,PLTD_Tanjung_Satai,generator,109.682,-1.208,1.084, "
" ,PLTD_Dusun_Besar,generator,109.461,-1.11,1.196, "
" ,PLTD_Sandai,generator,110.524,-1.234,1.438, "
" ,PLTD_Balai_Bekuak,generator,110.369,-0.522,3.009, "
" ,PLTD_Aur_Kuning,generator,110.486,-0.954,2.755, "
" ,PLTD_Ulak_Medang,generator,110.29,-1.678,0.04, "
" ,PLTD_Sampurna,generator,110.455,-1.184,0.236, "
" ,PLTD_Tumbang_Titi,generator,110.611,-1.846,1.35, "
" ,PLTD_Manis_Mata,generator,111.028,-2.448,0.232, "
" ,PLTD_Marau,generator,110.708,-2.125,0.246, "
" ,PLTMH_Batu_Menang,generator,110.959,-1.984,0.1, "
" ,PLTD_Nanga_Tayap,generator,110.563,-1.516,0.75, "
" ,PLTD_Teluk_Melano,generator,109.951,-1.135,7.98, "
" ,PLTD_Air_Upas,generator,110.8,-2.303,0.695, "
" ,PLTBm_PT_Alas_Kusuma,generator,109.972,-1.782,3.5, "
" ,PLTD_PT._Sewatama_Ketapang_1,generator,109.977,-1.802,7, "
" ,PLTD_PT._Koperasi_Induk_PLN_KTP,generator,109.977,-1.802,3, "
" ,PLTD_PT._Tan_Energi_Marau,generator,110.708,-2.125,3.5, "
" ,PLTD_PT._Aggreko_Nanga_Tayap,generator,110.572,-1.567,6, "
" ,PLTD_Sambas,generator,109.296,1.36,4.095, "
" ,PLTMH_Sajingan,generator,109.643,1.62,0.225, "
" ,PLTD_Bengkayang,generator,109.477,0.819,0.5, "
" ,PLTMH_Merasap,generator,109.744,1.124,1.5, "
" ,PLTD_Cempaka_Putih,generator,110.057,1.073,0.28, "
" ,PLTD_Lemukutan,generator,108.712,0.76,0.412, "
" ,PLTD_Area_Singkawang,generator,108.98,0.912,0.16, "
" ,PLTS_Temajuk,generator,109.597,2.007,0.08, "
" ,PLTS_Sidding,generator,110.071,1.252,0.04, "
" ,PLTD_Temajuk,generator,109.602,1.997,0.75, "
" ,PLTMH_Serawak_Energi_BHD_Sajingan_(B),generator,109.68,1.609,0.8, "
" ,PLTD_Pulau_Limbung,generator,109.859,-0.268,0.44, "
" ,PLTS_Pulau_Limbung,generator,109.859,-0.268,0.06, "
" ,PLTD_Tanjung_Saleh,generator,109.148,-0.108,0.77, "
" ,PLTD_Sepuk_Laut,generator,109.078,-0.222,0.5, "
" ,PLTD_Ngabang,generator,109.864,0.386,1.72, "
" ,PLTD_Padang_Tikar,generator,109.272,0.682,3.375, "
" ,PLTD_Batu_Ampar,generator,109.537,0.749,0.576, "
" ,PLTBm_PT_Harjohn_Timber,generator,109.447,-0.179,5, "
" ,PLTD_Semboja,generator,110.56,0.135,6, "
" ,PLTD_Teraju,generator,110.104,-0.23,0.368, "
" ,PLTD_Kuala_Buayan,generator,110.382,0.106,1.574, "
" ,PLTD_Balai_Karangan,generator,110.828,0.435,4.69, "
" ,PLTD_Sekadau,generator,110.89,0.021,2.345, "
" ,PLTD_Belitang,generator,111.24,0.131,3.3, "
" ,PLTD_Balai_Sepuak,generator,111.206,0.442,0.996, "
" ,PLTD_Menyurai,generator,111.511,0.086,12.21, "
" ,PLTD_Nanga_Silat,generator,111.788,0.343,0.748, "
" ,PLTD_Senaning,generator,111.032,0.908,0.488, "
" ,PLTD_Nanga_Merakai,generator,111.517,0.688,0.6, "
" ,PLTD_Ketungau,generator,111.62,0.357,0.213, "
" ,PLTD_Tebidah,generator,112.184,0.252,0.36, "
" ,PLTD_Sinar_Pekayau,generator,111.082,0.333,0.505, "
" ,PLTD_Nanga_Lebang,generator,111.644,0.218,0.218, "
" ,PLTD_Sidomulyo_Pinoh,generator,111.707,-0.342,0.576, "
" ,PLTD_Kota_Baru,generator,111.542,-0.8,0.331, "
" ,PLTD_Serawai,generator,112.439,-0.331,1.896, "
" ,PLTD_Manukung,generator,112.227,-0.418,0.232, "
" ,PLTD_Nanga_Ella,generator,112.003,-0.398,1.445, "
" ,PLTD_Nanga_Sayan,generator,111.676,-0.714,1.029, "
" ,PLTD_Bora,generator,111.764,-0.628,1.078, "
" ,PLTMH_Bora,generator,111.775,-0.633,0.2, "
" ,PLTD_Tontang,generator,112.223,-0.269,0.216, "
" ,PLTD_Kalan,generator,111.741,-0.336,0.17, "
" ,PLTD_Kayan,generator,111.69,-0.172,0.337, "
" ,PLTD_Kemangai,generator,112.71,-0.243,0.216, "
" ,PLTD_Sawai,generator,112.927,0.885,12.4849999999999, "
" ,PLTD_Semitau,generator,111.96,0.543,4.748, "
" ,PLTD_Bunut,generator,112.655,0.528,0.57, "
" ,PLTD_Jongkong,generator,112.278,0.665,1.39, "
" ,PLTD_Embaloh,generator,112.602,0.831,0.601, "
" ,PLTD_Lanjak,generator,112.238,1.034,0.66, "
" ,PLTD_Tepuai,generator,112.303,0.37,3.99, "
" ,PLTD_Seberuang,generator,111.888,0.465,0.162, "
" ,PLTD_Nanga_Erak,generator,113.154,0.372,0.57, "
" ,PLTD_Belikai,generator,112.137,0.33,0.3, "
" ,PLTD_Kantuk,generator,110.607,0.124,0.14, "
" ,PLTD_Piasak,generator,112.723,0.659,0.222, "
" ,PLTD_Nibung,generator,112.178,0.334,0.08, "
" ,PLTD_Ujung_Said,generator,112.378,0.67,0.496, "
" ,PLTD_Pulau_Majang,generator,111.994,0.901,0.156, "
" ,PLTD_Ulak_Pauk,generator,112.491,1.062,0.238, "
" ,PLTD_Badau,generator,111.903,1.044,2.085, "
" ,PLTD_Jasa,generator,111.148,1.004,0.306, "
" ,PLTMH_Serawak_Energi_BHD_Badau_(B),generator,111.872,1.033,0.32, "
" ,PLTMH_Serawak_Energi_BHD_Balai_Karangan_(B),generator,110.355,0.988,1.12, "
" ,PLTD_Sewatama_Semboja,generator,110.56,0.135,5, "
" ,PLTD_Aggreko_Semboja,generator,110.56,0.134,7, "
" ,PLTD_ENSAS_Sekadau,generator,110.89,0.021,8, "
" ,PLTD_Aggreko_Menyurai,generator,111.511,0.085,7, "
" ,PLTD_Sewatama_Pinoh,generator,111.707,-0.342,7, "
" ,PLTD_Makro_SPE_Pinoh,generator,111.707,-0.342,1, "
" ,PLTD_Makro_SPE_Balai_Karanga,generator,110.828,0.435,2, "
" ,PLTD_Makro_SPE_Kota_Baru,generator,111.542,0.8,1, "
" ,PLTD_Makro_Sintang,generator,111.511,0.085,2, "
" ,PLTD_ULD_Benua_Riam,generator,115.226,-3.094,0.18, "
" ,PLTD_ULD_Rantau_Bujur,generator,115.199,-3.082,0.42, "
" ,PLTD_ULD_Tumbang_Jutuh,generator,113.572,-1.289,2.1, "
" ,PLTD_ULD_Tumbang_Talaken,generator,113.378,-1.361,1, "
" ,PLTD_ULD_Tewah,generator,112.122,-1.936,1.584, "
" ,PLTD_ULD_Tumbang_Miri,generator,113.55,-0.916,1.06, "
" ,PLTD_ULD_Tumbang_Tambirah,generator,113.823,-1.065,0.16, "
" ,PLTD_ULD_Tumbang_Miwan,generator,113.872,-1.217,0.616, "
" ,PLTD_ULD_Tumbang_Kaman,generator,113.093,-1.346,1.22, "
" ,PLTD_ULD_Tumbang_Hiran,generator,112.691,-1.188,0.56, "
" ,PLTD_ULD_Tumbang_Senamang,generator,112.425,-1.161,0.46, "
" ,PLTD_ULD_Telaga,generator,113.33,-2.421,0.12, "
" ,PLTD_Pagatan,generator,113.33,-3.256,5, "
" ,PLTD_Telaga_Pulang,generator,112.27,-2.864,0.45, "
" ,PLTD_Mendawai,generator,113.269,-2.989,1.352, "
" ,PLTD_Pangkut,generator,111.92,-2.192,0.8, "
" ,PLTD_Kenambui,generator,111.792,-2.476,0.12, "
" ,PLTD_Rantau_Pulut,generator,112.186,-2.048,0.96, "
" ,PLTD_Sukamandang,generator,112.186,-2.048,1.1, "
" ,PLTD_Tumbang_Manjul,generator,111.928,-1.301,0.498, "
" ,PLTD_Kuala_Jelai,generator,110.739,-2.985,0.92, "
" ,PLTD_Balai_Riam,generator,111.182,-2.992,0.54, "
" ,PLTD_Mentobi_Raya,generator,111.694,-1.986,1.7, "
" ,PLTD_Kudangan,generator,111.043,-1.61,0.29, "
" ,PLTD_Tapin_Bini,generator,111.317,-1.892,11.65, "
" ,PLTBg_Maju_Aneka_Sawit,generator,112.542,-2.38,1, "
" ,PLTBg_Sukajadi_Sawit_Mekar,generator,112.455,-2.399,2.4, "
" ,PLTBg_Unggul_Lestari,generator,112.598,-1.596,1, "
" ,PLTD_UPM_Parenggean,generator,112.653,-1.881,2.5, "
" ,PLTBm_Korintiga_Hutani,generator,111.824,-2.607,3, "
" ,PLTD_Gn._Batu_Besar,generator,116.294,-2.622,0.51, "
" ,PLTD_Sei_Bali,generator,116.407,-3.408,1.67, "
" ,PLTD_Semaras,generator,116.082,-3.823,0.15, "
" ,PLTD_Lontar,generator,116.064,-3.978,2.62, "
" ,PLTD_Kerasian,generator,116.203,-4.027,0.33, "
" ,PLTD_Tanjung_Seloka,generator,116.306,-3.9,1.75, "
" ,PLTD_Geronggang,generator,116.207,-2.857,1.85, "
" ,PLTD_Tanjung_Batu,generator,116.222,-3.005,1, "
" ,PLTD_Sampanahan,generator,116.187,-2.641,1.77, "
" ,PLTD_Sei_Durian,generator,116.162,-2.509,1.09, "
" ,PLTD_Sengayam,generator,115.995,-2.367,1.78, "
" ,PLTD_Marabatuan,generator,115.81,-4.369,0.3, "
" ,PLTD_Tanjung_Samalantakan,generator,116.415,-2.566,0.49, "
" ,PLTD_Bakau,generator,116.196,-2.443,0.46, "
" ,PLTD_Mulyaharja,generator,116.322,-2.35,0.43, "
" ,PLTD_Kerayaan,generator,116.207,-4.091,0.61, "
" ,PLTD_Kerumputan,generator,116.172,-4.049,0.46, "
" ,PLTD_Sewa_Kaltimex_Kotabaru,generator,116.212,-3.254,5.1, "
" ,PLTD_Timpah,generator,114.479,-1.719,1.108, "
" ,PLTD_Sebangau,generator,113.639,-3.148,0.44, "
" ,PLTD_Pujon,generator,114.364,-1.349,0.981, "
" ,PLTD_Sungai_Hanyu,generator,114.016,-0.927,0.38, "
" ,PLTD_Pendang,generator,114.874,-1.506,0.3, "
" ,PLTD_Tanjung_Jawa,generator,114.835,-1.565,0.22, "
" ,PLTD_Muara_Plantau,generator,115.001,-1.939,0.18, "
" ,PLTD_Bundar,generator,114.93,-1.478,0.12, "
" ,PLTD_Merawan_Lama,generator,114.884,-1.451,0.28, "
" ,PLTD_Babai,generator,114.836,-1.954,0.4, "
" ,PLTD_Mangkatip,generator,114.851,-2.224,0.44, "
" ,PLTD_Teluk_Betung,generator,114.863,-1.978,0.26, "
" ,PLTD_Rangga_Ilung,generator,114.871,-2.34,0.5, "
" ,PLTD_Damparan,generator,114.868,-2.138,0.44, "
" ,PLTD_Benangin,generator,115.088,-0.978,0.36, "
" ,PLTD_Tumpung_Laung,generator,114.816,-1.321,1.04, "
" ,PLTD_Luwe_Hulu,generator,114.941,-0.795,0.48, "
" ,PLTD_Montalat,generator,114.894,-1.323,0.26, "
" ,PLTD_Kandui,generator,115.119,-1.257,1.13, "
" ,PLTD_Sabuh,generator,114.976,-0.971,0.22, "
" ,PLTD_Muara_Laung,generator,114.732,-0.599,2.07, "
" ,PLTD_Tumbang_Lahung,generator,114.302,-0.695,0.38, "
" ,PLTD_PT._Kaltimex_Energy_(Puruk_Cahu),generator,114.583,-0.583,4.5, "
" ,PLTD_Karangan,generator,117.673,1.35,1, "
" ,PLTBm_Karangan_DL,generator,117.673,1.35,0.35, "
" ,PLTD_Pengadan,generator,117.673,1.35,0.62, "
" ,PLTD_Muara_Wahau_Altrak,generator,116.843,1.045,3, "
" ,PLTD_Batu_Ampar,generator,116.831,0.679,0.4, "
" ,PLTD_Senyiur,generator,116.623,0.312,0.48, "
" ,PLTD_Senyiur_Pemkab,generator,116.623,0.312,0.4, "
" ,PLTD_Long_Segar,generator,116.821,0.798,0.44, "
" ,PLTD_Gemar_Baru,generator,116.376,0.801,0.48, "
" ,PLTD_Gemar_Baru_Pemkab,generator,116.376,0.801,0.2, "
" ,PLTD_Muara_Pantuan,generator,117.569,-0.58,0.36, "
" ,PLTD_Melak_Pemkab,generator,115.832,-0.212,5.2, "
" ,PLTD_Melak_Sewatama,generator,115.831,-0.212,4, "
" ,PLTD_Melak_Kaltimex,generator,115.832,-0.212,6, "
" ,PLTD_Long_Iram,generator,115.633,0.013,1.44, "
" ,PLTD_Long_Iram_Pemkab,generator,115.633,0.013,0.5, "
" ,PLTD_Muara_Pahu,generator,116.064,-0.325,0.8, "
" ,PLTD_Datah_Bilang,generator,115.464,0.226,0.54, "
" ,PLTD_Long_Bagun,generator,115.237,0.226,0.3, "
" ,PLTD_Long_Bagun_Pemkab,generator,115.257,0.206,0.52, "
" ,PLTD_Dilang_Putih,generator,115.766,-0.717,0.22, "
" ,PLTD_Tabisaq,generator,115.921,-0.497,0.52, "
" ,PLTD_Kelumpang,generator,115.823,-0.173,0.12, "
" ,PLTD_Muara_Muntai,generator,116.474,-0.643,1.5, "
" ,PLTD_Penyinggahan,generator,116.223,-0.387,0.56, "
" ,PLTD_Tanjung_Isuy,generator,116.14,-0.514,1.88, "
" ,PLTD_Muara_Siran,generator,116.636,-0.128,0.18, "
" ,PLTD_Muara_Kedang,generator,116.298,-0.567,0.42, "
" ,PLTD_Semayang,generator,116.452,-0.183,0.18, "
" ,PLTD_Jantur,generator,116.29,-0.42,0.724, "
" ,PLTD_Tabang,generator,115.927,0.673,0.53, "
" ,PLTD_Muara_Aloh,generator,116.352,-0.432,0.16, "
" ,PLTD_Sedulang,generator,116.811,-0.125,0.44, "
" ,PLTD_Long_Apari,generator,114.534,0.812,0.64, "
" ,PLTD_Long_Pahangai,generator,114.709,0.883,0.6, "
" ,PLTBg_Rea_Kaltim,generator,115.801,-0.242,2, "
" ,PLTD_Samabliung_Kaltimex,generator,117.511,2.158,3, "
" ,PLTD_Bunyu,generator,117.845,3.469,1, "
" ,PLTD_Atap,generator,117.049,3.855,0.3, "
" ,PLTD_Tanah_Merah,generator,117.54,3.764,0.43, "
" ,PLTD_Sekatak_Pemkab,generator,117.07,3.307,0.426, "
" ,PLTD_Sekatak,generator,117.07,3.307,0.6, "
" ,PLTD_Malinau_Pemkab,generator,116.611,3.541,7.672, "
" ,PLTD_Biduk-Biduk,generator,118.746,1.216,1.64, "
" ,PLTD_Malinau_Kaltimex,generator,116.611,3.541,2, "
" ,PLTD_KTT_Pemkab,generator,116.933,3.608,3.68, "
" ,PLTD_KTT,generator,116.933,3.608,3.81, "
" ,PLTD_Selor_Sewatama,generator,117.386,2.832,2, "
" ,PLTD_Selor_Makro,generator,117.386,2.832,7.3, "
" ,PLTD_Long_Peso,generator,116.781,2.691,0.443, "
" ,PLTD_Mara,generator,116.239,2.75,0.5, "
" ,PLTD_Long_Beluah,generator,116.121,2.738,0.5, "
" ,PLTD_Nunukan,generator,117.64,4.134,11.198, "
" ,PLTD_Nunukan_Pemkab,generator,117.64,4.134,7.02, "
" ,PLTD_Sebatik,generator,117.909,4.147,6.712, "
" ,PLTS_Sebatik,generator,117.909,4.147,0.34, "
" ,PLTD_Tanjung_Batu,generator,118.092,2.278,1.43, "
" ,PLTD_Talisayan_Pemkab,generator,118.177,1.605,0.8, "
" ,PLTD_Talisayan,generator,118.177,1.605,2.25, "
" ,PLTD_Talisayan_PT_IPB,generator,118.177,1.605,1, "
" ,PLTBm_Talisayan_DL,generator,118.177,1.605,0.26, "
" ,PLTD_Gunung_Sari,generator,117.116,2.185,0.57, "
" ,PLTBm_Gunung_Sari_HHM,generator,117.117,2.185,0.2, "
" ,PLTD_Derawan,generator,118.243,2.286,1.27, "
" ,PLTS_Derawan,generator,118.243,2.286,0.09, "
" ,PLTD_Batu_Putih,generator,118.446,1.352,0.82, "
" ,PLTD_Merasa,generator,117.251,1.806,0.28, "
" ,PLTD_Tubaan,generator,117.859,1.818,0.455, "
" ,PLTD_Krayan,generator,115.7,3.883,0.8, "
" ,PLTMH_Krayan_Pemkab,generator,115.7,3.883,0.08, "
" ,PLTMH_Krayan,generator,115.7,3.883,0.16, "
" ,PLTD_Seimenggaris,generator,117.341,4.188,0.6, "
" ,PLTS_Seimenggaris_ESDM,generator,117.341,4.188,0.1, "
" ,PLTD_Sebuku,generator,117.023,4.063,0.695, "
" ,PLTS_Sebuku_ESDM,generator,117.023,4.063,0.1, "
" ,PLTD_Tulin_Onsoi,generator,116.992,4.18,1, "
" ,PLTS_Tulin_Onsoi_ESDM,generator,116.992,4.18,0.1, "
" ,PLTS_Sebatik_ESDM,generator,117.802,4.153,0.2, "
" ,PLTD_Lumbis_Ogong,generator,116.548,3.93,0.5, "
" ,PLTS_Lumbis_Ogong_ESDM,generator,116.548,3.93,0.1, "
" ,PLTD_Kayan_Hulu,generator,114.91,1.785,1.275, "
" ,PLTS_Kayan_Hulu_ESDM,generator,117.595,3.304,0.1, "
" ,PLTD_Tarakan,generator,117.595,3.304,15.2639999999999, "
" ,PLTD_Sewa_Tarakan,generator,117.595,3.303,17, "
" ,PLTG_Trisakti,generator,114.57,-3.31,21, "
" ,PLTMG_Bangkanai_Blok_#01,generator,115.137,-0.622,39.076, "
" ,PLTMG_Bangkanai_Blok_#02,generator,115.137,-0.623,39.076, "
" ,PLTMG_Bangkanai_Blok_#03,generator,115.137,-0.623,39.076, "
" ,PLTMG_Bangkanai_Blok_#04,generator,115.137,-0.623,39.076, "
" ,PLTU_Asam_Asam_#01,generator,115.105,-3.927,65, "
" ,PLTU_Asam_Asam_#02,generator,115.106,-3.926,65, "
" ,PLTU_Asam_Asam_#03,generator,115.106,-3.926,65, "
" ,PLTU_Asam_Asam_#04,generator,115.106,-3.926,65, "
" ,PLTU_Pulang_Pisau_#01,generator,114.209,-2.823,60, "
" ,PLTU_Pulang_Pisau_#02,generator,114.209,-2.823,60, "
" ,PLTMG_Bontang_Wartsila_#01,generator,117.454,0.137,6.97, "
" ,PLTMG_MPP_Kaltim_#03,generator,117.454,0.138,9.77999999999999, "
" ,PLTMG_MPP_Kaltim_#04,generator,117.454,0.138,9.77999999999999, "
" ,PLTMG_MPP_Kaltim_#01,generator,117.454,0.138,9.77999999999999, "
" ,PLTMG_MPP_Kaltim_#02,generator,117.454,0.138,9.77999999999999, "
" ,PLTMG_Bontang_Wartsila_#02,generator,117.454,0.137,6.97, "
" ,PLTU_Teluk_Balikpapan_#01,generator,116.789,-1.17,110, "
" ,PLTU_Teluk_Balikpapan_#02,generator,116.789,-1.17,110, "
" ,PLTGU_Tanjung_Batu_#01,generator,117.051,-0.382,20, "
" ,PLTGU_Tanjung_Batu_#02,generator,117.051,-0.381,20, "
" ,PLTGU_Tanjung_Batu_#03,generator,117.051,-0.381,20, "
" ,PLTG_Peaking_#01,generator,117.052,-0.384,70, "
" ,PLTG_Peaking_#02,generator,117.052,-0.384,70, "
" ,PLTG_Sambera_#01,generator,117.291,-0.317,20, "
" ,PLTG_Sambera_#02,generator,117.292,-0.317,20, "
" ,PLTG_Siantan,generator,109.327,-0.001,34, "
" ,PLTU_Parit_Baru_Site Bengkayang #01,generator,108.874,0.837,55, "
" ,PLTU_Sanggau_#01,generator,110.556,0.03,7, "
" ,PLTU_Sanggau_#02,generator,110.556,0.03,7, "
" ,PLTU_Sintang_#01,generator,111.434,0.074,9, "
" ,PLTU_Sintang_#02,generator,111.434,0.074,9, "
" ,PLTU_Sintang_#03,generator,111.434,0.074,9, "
" ,PLTU_Ketapang_#01,generator,109.942,-1.782,10, "
" ,PLTU_Ketapang_#02,generator,109.942,-1.782,10, "
" ,PLTMG_Kaltimex,generator,117.053,-0.383,9.6, "
" ,PLTMG_SW_Petung_(PT._Benuo_Taka_Energy)_#01,generator,116.74,-1.291,1, "
" ,PLTMG_SW_Petung_(PT._Benuo_Taka_Energy)_#02,generator,116.74,-1.291,1, "
" ,PLTMG_SW_Petung_(PT._Benuo_Taka_Energy)_#03,generator,116.74,-1.291,1, "
" ,PLTMG_SW_Petung_(PT._Benuo_Taka_Energy)_#04,generator,116.74,-1.291,1, "
" ,PLTU_PT._Conch_South_Kalimantan_Cement_(SKC),generator,115.57,-2.063,15, "
" ,PLTU_Dua_Samudera_Perkasa_(DSP),generator,116.029,-3.309,6, "
" ,PLTU_Rimau_Electric,generator,115.127,-2.018,7, "
" ,PLTMG_Belimbing,generator,117.451,0.166,8, "
" ,PLTU_Kariangau_(PT._Kariangau_Power)_#01,generator,116.801,-1.199,15, "
" ,PLTU_Kariangau_(PT._Kariangau_Power)_#02,generator,116.801,-1.199,15, "
" ,PLTU_Senoni_#01,generator,117.093,-0.543,7.5, "
" ,PLTU_Senoni_#02,generator,117.093,-0.544,7.5, "
" ,PLTU_Rimba_Raya,generator,117.035,-0.547,7.5, "
" ,PLTU_MT_Kaltim_(Muara_Jawa)_#01,generator,117.189,-0.78,33, "
" ,PLTU_MT_Kaltim_(Muara_Jawa)_#02,generator,117.189,-0.78,33, "
" ,PLTU_Kalsel-1_(PT._Tanjung_Power_Indonesia)_#01,generator,115.442,-2.162,115, "
" ,PLTU_Kalsel-1_(PT._Tanjung_Power_Indonesia)_#02,generator,115.443,-2.162,115, "
" ,PLTG_Senipah_#01,generator,117.135,-0.988,46, "
" ,PLTG_Senipah_#02,generator,117.136,-0.987,46, "
" ,PLTU_Embalut_(PT._Cahaya_Fajar_Kaltim)_#01,generator,117.062,-0.373,25, "
" ,PLTU_Embalut_(PT._Cahaya_Fajar_Kaltim)_#02,generator,117.062,-0.373,25, "
" ,PLTU_Embalut_Ekspansi_(PT._Cahaya_Fajar_Kaltim),generator,117.063,-0.373,50, "
" ,PLTMG_MPP_PLN_Batam_(MPP_Pontianak),generator,109.204,0.059,100, "
" ,PLTD_Kuala_Kurun_#01_(MWM),generator,113.873,-1.117,0.22, "
" ,PLTD_Kuala_Kurun_#02_(DEUTZ_MWM),generator,113.873,-1.117,0.528, "
" ,PLTD_Kuala_Kurun_#03_MITSUBISHI),generator,113.872,-1.117,1.33, "
" ,PLTD_Kuala_Kurun_#04_MITSUBISHI),generator,113.872,-1.117,1.33, "
" ,PLTD_Kuala_Kurun_#05_MITSUBISHI),generator,113.872,-1.117,1.33, "
" ,PLTD_Kuala_Pembuang_#01_(MWM),generator,112.545,-3.39,0.22, "
" ,PLTD_Kuala_Pembuang_#05_(MITSUBISHI),generator,112.545,-3.39,1.33, "
" ,PLTD_Kuala_Pembuang_#06_(MITSUBISIH),generator,112.545,-3.39,1.33, "
" ,PLTD_Kuala_Pembuang_#07_(MITSUBISHI),generator,112.545,-3.39,1.33, "
" ,PLTD_Kuala_Pembuang_#08_(MITSUBISHI),generator,112.545,-3.39,1.33, "
" ,PLTD_Sukamara_#03_(MWM),generator,111.164,-2.717,0.22, "
" ,PLTD_Sukamara_#04_(DEUTZ),generator,111.164,-2.717,0.24, "
" ,PLTD_Sukamara_#05_(DEUTZ_AG),generator,111.164,-2.717,0.7, "
" ,PLTD_Sukamara_#06_(MTU),generator,111.164,-2.717,0.528, "
" ,PLTD_Sukamara_#07_(MITSUBITSI),generator,111.164,-2.717,1.33, "
" ,PLTD_Sukamara_#08_(MITSUBITSI),generator,111.164,-2.717,1.33, "
" ,PLTD_Sukamara_#09_(MITSUBITSI),generator,111.164,-2.717,1.33, "
" ,PLTU_PT._Smart_Tarjun_Refinery,generator,116.119,-3.271,3.2, "
" ,PLTD_Sewa_UPM_Kuala_Kurun,generator,113.872,-1.117,2, "
" ,PLTD_Sewa_DKK_Kuala_Pembuang,generator,112.545,-3.39,3, "
" ,PLTD_DKK_Sukamara,generator,111.164,-2.717,2.4, "
" ,PLTU_Pangkalan_Bun_(PT._Eksploitasi_Energi_Indonesia),generator,111.703,-2.771,14, "
" ,PLTD_Kuala_Pembuang_#02_(DEUTZ_MWM),generator,112.545,-3.39,0.528, "
" ,PLTD_Kuala_Pembuang_#03_(DEUTZ_MWM),generator,112.545,-3.39,0.528, "
" ,PLTD_Kuala_Pembuang_#04_(DEUTZ_MWM),generator,112.545,-3.39,0.528, "
" ,PLTD_Sukamara_#01_(MAN),generator,111.164,-2.717,0.536, "
" ,PLTD_Sukamara_#02_(MAN),generator,111.164,-2.717,0.536, "
" ,PLTU_Lati_(PT._Indo_Pusaka_Berau),generator,117.619,2.215,21, "
" ,PLTU_Sangatta_(PT._Kaltim_Prima_Coal)_Ex_Sektor Mahakam,generator,117.635,0.539,18, "
" ,PLTMG_Gunung_Belah_#01,generator,117.596,3.304,6, "
" ,PLTMG_Gunung_Belah_#02,generator,117.596,3.304,6, "
" ,PLTMG_Bunyu_(PT._Prastiwahyu),generator,117.845,3.475,2, "
" ,PLTMG_Sw_Tanah_Merah_(KSO_PT._TAN_Energy),generator,117.535,3.764,0.6, "
" ,PLTMG_Nunukan_KSO_Bugak,generator,117.64,4.133,6, "
" ,PLTMG_Sw_Tarakan_(PT._PLN_Tarakan_-_PT._Atamora),generator,117.596,3.304,1.7, "
" ,PLTG_Sw_Tarakan_(PT._PLN_Tarakan_-_Perusda),generator,117.596,3.304,1, "
" ,PLTMG_Sw_Tarakan_II_(PT._PLN_Tarakan_-_PT._Max_Power),generator,117.654,3.343,1.6, "
" ,PLTMG_Sw_Tarakan_II_(PT._PLN_Tarakan_-_PT._Sewatama),generator,117.654,3.343,1.7, "
" ,PLTMG_Sw_Tarakan_I_(PT._PLN_Tarakan_-_PT._Max_Power),generator,117.654,3.343,4.5, "
" ,PLTMG_Sw_Tarakan_III_(PT._PLN_Tarakan_-_PT._Max_Power),generator,117.654,3.343,3, "
" ,PLTMG_Sw_Tarakan_IV_(PT._PLN_Tarakan_-_PT._Max_Power),generator,117.654,3.343,2.5, "
" ,PLTU_PT._Idec_Abadi_Wood_Industries_(AWI),generator,117.612,3.292,7, "
" ,PLTU_PT._Indocement_Tunggal_Perkasa,generator,116.108,-3.273,55, "
" ,PLTU_PT._Makmur_Sejahtera_Wisesa,generator,115.445,-2.158,60, "
" ,PLTG_PLN_Tarakan_#01,generator,117.596,3.303,15.6999999999999, "
" ,PLTMG_PLN_Tarakan,generator,117.596,3.303,30, "
" ,PLTG_PLN_Tarakan_#02,generator,117.596,3.304,23.6, "
" ,PLTU_PT._Sumber_Alam_Sekurau_(SAS),generator,117.521,2.794,7.5, "
" ,PLTU_PT._Wijaya_Triutama_Plywood_Industri,generator,114.562,-3.336,45, "
" ,PLTU_PT._Kaltim_Daya_Mandiri,generator,117.497,0.175,34, "
" ,PLTU_PT._Kalimantan_Powerindo,generator,116.837,-0.32,15, "
" ,PLTU_Tembilok_(IPP_Ketapang)_#01,generator,109.952,-1.782,7.5, "
" ,PLTU_Tembilok_(IPP_Ketapang)_#02,generator,109.952,-1.782,7.5, "
" ,PLTU_Parit_Baru_Site_Bengkayang_#02,generator,108.874,0.837,55, "
" ,PLTMG_Tanjung_Selor_Unit_2,generator,117.367,2.814,8.912, "
" ,PLTU_Kaltim_(FTP2)_Unit_1,generator,117.492,0.054,100, "
" ,PLTU_Tanjung_Redep_/_Berau_#02,generator,117.393,2.156,9.13, "
" ,PLTU_Kaltim_(FTP2)_Unit_2,generator,117.492,0.055,125, "
" ,PLTMG_Tanjung_Selor_Unit_1,generator,117.367,2.814,8.912, "
" ,PLTU_Kaltim_4_(Ekspansi-2_Embalut)_#01,generator,117.066,-0.364,115, "
" ,PLTU_Kaltim_4_(Ekspansi-2_Embalut)_#02,generator,117.066,-0.364,115, "
" ,PLTU_Tanjung_Redep_/_Berau_#01,generator,117.393,2.156,9.5, "
" ,PLTBg_Suka_Damai,generator,115.773,-3.341,2.4, "
" ,PLTU_Kalselteng_1_(PT._SKS_Listrik_Kalimantan)_#01,generator,113.567,-1.374,115.034, "
" ,PLTU_Kalselteng_1_(PT._SKS_Listrik_Kalimantan)_#02,generator,113.567,-1.374,115.034, "
" ,PLTD_Kuala_Pembuang_Unit_7,generator,112.545,-3.39,1.33, "
" ,PLTU_Kalbar_1_Unit_1,generator,108.846,0.815,125, "
" ,PLTGU_Senipah_(ST),generator,117.136,-0.987,29.55, "
" ,PLTD_Kuala_Pembuang_Unit_9,generator,112.545,-3.39,1, "
" ,PLTU_Kalbar_1_Unit_2,generator,108.846,0.816,125, "
" ,PLTD_Kuala_Kurun_Unit_2-3,generator,113.872,-1.117,2.66, "
" ,PLTD_Kuala_Kurun_Unit_4,generator,113.872,-1.117,1.33, "
" ,PLTD_Gunung_Purei_Unit_123,generator,115.62,-1.133,0.38, "
" ,PLTD_Simpang_Sepaku_Mitsubishi_Unit_56,generator,111.503,-2.209,2.66, "
" ,PLTD_Simpang_Sepaku_Mitsubishi_Unit_9,generator,111.502,-2.209,1.33, "
" ,PLTD_Kartamulia_Sukamara_Mitsubishi_Unit_78,generator,111.211,-2.685,2.66, "
" ,GI_Sambas,substation,109.2688,1.3429,500, "
" ,GI_Singkawang,substation,108.9876,0.9266,500, "
" ,GI_PLTU_3_Kalbar,substation,108.8747,0.8361,500, "
" ,GI_PLTU_2_Kalbar,substation,108.8653,0.83,500, "
" ,GI_Senggiring,substation,108.9853,0.3162,500, "
" ,GI_Parit_Baru,substation,109.2055,0.0592,500, "
" ,GI_Kota_Baru,substation,109.2987,-0.0754,500, "
" ,GI_Siantan,substation,109.328,-0.0002,500, "
" ,GI_Sei_Raya,substation,109.3809,-0.0735,500, "
" ,GI_Tayan,substation,110.0932,0.0015,500, "
" ,GI_Ngabang,substation,110.001,0.3534,500, "
" ,GI_Bengkayang,substation,109.4967,0.9056,500, "
" ,GITET_Bengkayang,substation,109.4966,0.9066,500, "
" ,GI_Pangkalanbun,substation,111.7037,-2.6152,500, "
" ,GI_Sampit,substation,112.9207,-2.4816,500, "
" ,GI_PLTU_Sampit,substation,112.9101,-2.7625,500, "
" ,GI_Kasongan,substation,113.4337,-1.9002,500, "
" ,GI_Palangkaraya,substation,113.8739,-2.1748,500, "
" ,GI_Sebangau,substation,113.9302,-2.2748,500, "
" ,GI_Pulau_Pisang,substation,114.2547,-2.7316,500, "
" ,GI_S_Mintin,substation,114.2086,-2.8214,500, "
" ,GI_Selat,substation,114.3736,-3.0121,500, "
" ,GI_Seberang_Barito,substation,114.5522,-3.2767,500, "
" ,GI_Trisakti,substation,114.571,-3.3094,500, "
" ,GI_Mantuil,substation,114.627,-3.4236,500, "
" ,GI_Asam-asam,substation,115.1049,-3.9253,500, "
" ,GI_Satui,substation,115.519,-3.7127,500, "
" ,GI_Batulicin,substation,115.9862,-3.4822,500, "
" ,GI_Cempaka,substation,114.8499,-3.4658,500, "
" ,GI_Pelaihari,substation,114.7576,-3.7296,500, "
" ,GI_Bandara,substation,114.7553,-3.4725,500, "
" ,GI_Rantau,substation,115.126,-3.0289,500, "
" ,GI_Barikin,substation,115.3276,-2.6843,500, "
" ,GI_Kayutangi,substation,114.6205,-3.2304,500, "
" ,GI_Amuntai,substation,115.2949,-2.4171,500, "
" ,GI_Tanjung,substation,115.4505,-2.1953,500, "
" ,GI_Buntok,substation,114.9788,-1.7459,500, "
" ,GI_Muara_Teweh,substation,114.8658,-0.8672,500, "
" ,GI_Bangkanai,substation,115.1385,-0.6212,500, "
" ,GI_Muara_Komam,substation,115.8694,-1.828,500, "
" ,GI_Kuaro,substation,116.0945,-1.8032,500, "
" ,GI_Grogot,substation,116.1656,-1.8984,500, "
" ,GI_Longikis,substation,116.3231,-1.5161,500, "
" ,GI_Petung,substation,116.6719,-1.3408,500, "
" ,GI_Kariangau,substation,116.792,-1.1657,500, "
" ,GI_Karangjoang,substation,116.8777,-1.1488,500, "
" ,GI_Manggar_Sari,substation,116.9488,-1.2383,500, "
" ,GI_Industri,substation,116.8411,-1.262,500, "
" ,GI_Senipah,substation,117.135,-0.9869,500, "
" ,GI_Harapan_Baru,substation,117.1063,-0.547,500, "
" ,GI_Tengkawang,substation,117.1136,-0.5024,500, "
" ,GI_Embalut,substation,117.0518,-0.3816,500, "
" ,GI_Bukit_Biru,substation,116.978,-0.456,500, "
" ,GI_Kotabangun,substation,116.5953,-0.2716,500, "
" ,GI_Bukuan,substation,117.193,-0.5832,500, "
" ,GI_Muara_Jawa,substation,117.1886,-0.7806,500, "
" ,GI_Sambutan,substation,117.2139,-0.5242,500, "
" ,GI_Muara_Badak,substation,117.2925,-0.316,500, "
" ,GI_Teluk_Pandan,substation,117.435,0.1614,500, "
" ,GI_Sangatta,substation,117.5693,0.4701,500, "
" ,GI_Malinau,substation,116.6286,3.5114,500, "
" ,GI_Tideng_Pale,substation,116.8411,3.5748,500, "
